{
  "VerifyFingerprint.aligned_bam": "gs://broad-gp-pacbio-outgoing/results/PBFlowcell/m64271e_210809_053602/reads/ccs/aligned/m64271e_210809_053602.bam",
  "VerifyFingerprint.aligned_bai": "gs://broad-gp-pacbio-outgoing/results/PBFlowcell/m64271e_210809_053602/reads/ccs/aligned/m64271e_210809_053602.bam.bai",
  "VerifyFingerprint.fingerprint_vcf": "gs://broad-dsde-methods-long-reads-incoming/one-off/fingerprinting/SM-JPU9W_CG0037-9194.swap.vcf",
  "VerifyFingerprint.gcs_out_root_dir": "gs://broad-gp-pacbio-outgoing/one-off",
  "VerifyFingerprint.ref_map_file": "gs://broad-dsde-methods-long-reads/resources/references/grch38_noalt/grch38_noalt.txt"
}

