{
  "PBCCSWholeGenome.aligned_bais": "Array[File]",
  "PBCCSWholeGenome.aligned_bams": "Array[File]",
  "PBCCSWholeGenome.participant_name": "String",

  "PBCCSWholeGenome.ref_map_file": "gs://broad-dsde-methods-long-reads/resources/references/grch38_noalt/grch38_noalt.txt",
  "PBCCSWholeGenome.ref_scatter_interval_list_ids": "gs://broad-dsde-methods-long-reads/resources/references/grch38_noalt/size_balanced_interva_lists_ids.txt",
  "PBCCSWholeGenome.ref_scatter_interval_list_locator": "gs://broad-dsde-methods-long-reads/resources/references/grch38_noalt/size_balanced_interva_lists.txt",

  "PBCCSWholeGenome.pepper_memory": "Int",
  
  "PBCCSWholeGenome.gcs_out_root_dir": "gs://broad-dsde-methods-long-reads-intermediate",
  "PBCCSWholeGenome.sort_gVCF": false
}
