{
  "PBCCSWholeGenome.aligned_bais": ["gs://broad-dsde-methods-long-reads-outgoing/aou-long-reads-pacbio/PBFlowcell/m64160_201030_171114/reads/ccs/aligned/m64160_201030_171114.bam.bai"],
  "PBCCSWholeGenome.aligned_bams": ["gs://broad-dsde-methods-long-reads-outgoing/aou-long-reads-pacbio/PBFlowcell/m64160_201030_171114/reads/ccs/aligned/m64160_201030_171114.bam"],

  "PBCCSWholeGenome.participant_name": "T708322218_Whole_Blood_Autogen",

  "PBCCSWholeGenome.ref_map_file": "gs://broad-dsde-methods-long-reads/resources/references/grch38_noalt/grch38_noalt.txt",
  "PBCCSWholeGenome.ref_scatter_interval_list_ids": "gs://broad-dsde-methods-long-reads/resources/references/grch38_noalt/size_balanced_interva_lists_ids.txt",
  "PBCCSWholeGenome.ref_scatter_interval_list_locator": "gs://broad-dsde-methods-long-reads/resources/references/grch38_noalt/size_balanced_interva_lists.txt",

  "PBCCSWholeGenome.pepper_memory": 256,
  
  "PBCCSWholeGenome.gcs_out_root_dir": "gs://broad-dsde-methods-long-reads-intermediate",
  "PBCCSWholeGenome.sort_gVCF": false
}
